custom_id,Unnamed: 0,id,subject,text,classificacao,date,retweets,favorites,permalink
faketweetbr_train_1,0,1.124513050218893e+18,macaco marielle,Marielle >BANDIDOS Narco-traficantes-Milícias pisou na bola PCC >Mandante do crime #Brazão do PT #OrganizaçãoCriminosa Assassinada por THIAGO- MACACO Midia para de acusar quem destruiu a sonhada #GRANDEPATRIA @ECantanhede @CarvalhosaMo @CarlosBolsonaro @RenovMidia @roxmo @SITEFCS pic.twitter.com/8HTb0VVmj8,fake,2019-05-04 0:16,0,0,https://twitter.com/MRTT_/status/1124513050218893312
faketweetbr_train_2,5,1.119295029204398e+18,macaco marielle,@jornalnacional convivi com notícias da Marielle durante 3 meses quase todos os dias. Porque pararam as reportagens? Só porque se descobriu que seu matador foi Thiago macaco ? Negro favelado e ligado ao tráfico? Bonemer vc é o supra sumo do ridículo .,fake,2019-04-19 14:41,0,0,https://twitter.com/luiztemper/status/1119295029204398080
faketweetbr_train_3,10,1.1145825456252273e+18,macaco marielle,"O Cesari Battisti confessou seus crimes, a esquerda calou; o assassino de MARIELLE foi descoberto, a esquerda se calou e agora o Luladrão confessou, a esquerda meteu a língua onde o macaco meu o caju. Demagogos, hipocritas e fariseus",fake,2019-04-06 14:36,0,0,https://twitter.com/GrimoaldoL/status/1114582545625227333
faketweetbr_train_4,11,1.1132459115918624e+18,macaco marielle,[Agência Lupa] Verificamos: É falso que Thiago Macaco foi identificado como assassino de Marielle https:// piaui.folha.uol.com.br/lupa/2019/04/0 1/verificamos-marielle-preso-thiago/ …,true,2019-04-02 22:04,1,0,https://twitter.com/antmarobel/status/1113245911591862272
faketweetbr_train_5,15,1.1116401680989184e+18,macaco marielle,Thiago Macaco é preso por envolvimento com a morte de Marielle - Brasil - iG https:// ultimosegundo.ig.com.br/brasil/2018-05 -30/marielle-franco-thiago-macaco.html …,fake,2019-03-29 11:44,3,3,https://twitter.com/pmmvander/status/1111640168098918400
faketweetbr_train_6,16,1.111561080797569e+18,macaco marielle,"Vamos falar de Marielle ? Parou de falar dela porque? Por que Thiago Macaco do partido vermelho, preto, pobre, traficante confessou? Vc é muito cafageste Boulos! https:// twitter.com/GuilhermeBoulo s/status/1111372441551433728 …",fake,2019-03-29 6:29,2,4,https://twitter.com/EgeuJunior/status/1111561080797569024
faketweetbr_train_7,28,1.0781270796050472e+18,macaco marielle,"Assassino bolsonarista é boa hahahahahaha Quanto a morte da tal Marielle , O Thiago Macaco (negro e pobre) ta preso. A Marielle foi morta pelos mesmos assassinos que o PSOL costuma defender.",fake,2018-12-27 0:15,0,0,https://twitter.com/HubnerLobo/status/1078127079605047296
faketweetbr_train_8,35,1.0406361005434304e+18,macaco marielle,"Na realidade não moça O suspeito foi um traficante “Thiago macaco ” se eu não me engano E nenhuma pessoa de posição política contrária à de Marielle foi indiciada como suspeita, então não foi um crime político, foi mais uma mulher que sofreu na mão da violência brasileira",fake,2018-09-14 13:19,0,10,https://twitter.com/truyts_/status/1040636100543430656
faketweetbr_train_9,37,1.0396485192908554e+18,macaco marielle,"A esquerda atualmente está defendendo o cara que quase matou Bolsonaro, pois bem, que passemos a considerar que Tiago Macaco , o homem que matou Marielle Franco, é completamente inocente do caso:)",fake,2018-09-11 19:54,0,2,https://twitter.com/P3dro85809111/status/1039648519290855425
faketweetbr_train_10,39,1.0378160200676556e+18,macaco marielle,"Que mundo vc vive? Quem matou a Marielle Foi Thiago macaco . Mas como o assassino é negro,vcs ficam se fazendo de desentendidos.",fake,2018-09-06 18:33,0,0,https://twitter.com/caioloxas/status/1037816020067655681
faketweetbr_train_11,40,1.0370225763615704e+18,macaco marielle,"Errou! Tiago Macaco foi preso por envolvimento na morte do colaborador do Siciliano. Posteriormente foi divulgado pela mídia que ele teria participação na morte da Marielle e que não teria sido o assassino como você disse, mas sim o responsável pela clonagem do Cobalt. Fake News",true,2018-09-04 14:00,0,0,https://twitter.com/mcout_/status/1037022576361570313
faketweetbr_train_12,42,1.009087299991298e+18,macaco marielle,"Não há o Caso Marielle "" fora da imprensa. Já identificaram o assassino. O ex-presidiario Marcelo Macaco . Só que a esquerda não se conforma dele NÃO ser loiro de olhos azuis...""",fake,2018-06-19 11:55,0,0,https://twitter.com/senorseb/status/1009087299991298048
faketweetbr_train_13,60,1.004370122071474e+18,macaco marielle,"Vamos voltar a falar de Marielle . MARIELLE VIVE.Foi assassinada por THIAGO MACACO . Ele NÃO MERECE PUNIÇÃO. Thiago Macaco é VÍTIMA DA SOCIEDADE OPRESSORA. Negro,pobre,apelido racista,sem oportunidades na sociedade. #ThiagoMacacoLivre Chamem @mariadorosario @lucianagenro @psol50",fake,2018-06-06 11:31,16,39,https://twitter.com/SrtaLawyerBr17/status/1004370122071474178
faketweetbr_train_14,62,1.004302553016828e+18,macaco marielle,Marielle morta pelo Macaco ... Huahuhahahhahaha,fake,2018-06-06 7:02,0,0,https://twitter.com/senorseb/status/1004302553016827904
faketweetbr_train_15,63,1.0041667653190204e+18,macaco marielle,"Ah cara, ainda estão tentando culpar a vítima pela morte cruel! Jogando o tal Macaco como culpado do assassinato de Marielle (o que ainda não foi confirmado) e dizendo que ela foi culpada por defender negro e “bandido”! É mais fácil fazer isso que admitir o racismo né?",true,2018-06-05 22:03,0,1,https://twitter.com/misscamafeu/status/1004166765319020546
faketweetbr_train_16,64,1.0040573857685052e+18,macaco marielle,"Alô fakenews! O Thiago Macaco é só um dos suspeitos da morte da Marielle (que inclusive foi assassinada por um grupo de pessoas) - dentre outros suspeitos também tem o vereador Siciliano (PHS), envolvido com milícias, o ex-PM e chefe de milícia Orlando Oliveira, etc.",true,2018-06-05 14:48,0,1,https://twitter.com/princesa_otavio/status/1004057385768505344
faketweetbr_train_17,75,1.0025048835792076e+18,macaco marielle,"Preso suspeito de envolvimento no assassinato de Marielle . Preto, Pobre e de periferia Thiago Macaco "". O advogado de defesa deve ser do PSOL. pic.twitter.com/rLYxvHS9ph""",fake,2018-06-01 7:59,9,12,https://twitter.com/Eliseu_SS/status/1002504883579207680
faketweetbr_train_18,77,1.0022421776642496e+18,macaco marielle,"Vixi, agora funde a cabeça dos hipócritas de plantão! Envolvido no assassinato de Marielle é negro e chamado de Macaco ! https:// glo.bo/2xt5ZaK pic.twitter.com/UW4MrtJHVG",fake,2018-05-31 14:35,0,0,https://twitter.com/giuseppe_mazzeo/status/1002242177664249856
faketweetbr_train_19,80,1.00220777937587e+18,macaco marielle,"Prisão de 'Thiago Macaco ' não está relacionado ao caso Marielle , diz delegado http:// dlvr.it/QVksGm",true,2018-05-31 12:18,0,0,https://twitter.com/jornaltijucas/status/1002207779375869952
faketweetbr_train_20,81,1.00220242052352e+18,macaco marielle,"Prisão de 'Thiago Macaco ' não está relacionado ao caso Marielle , diz delegado http:// radiovoxbrazil.com/2018/05/prisao -de-thiago-macaco-nao-esta-relacionado-ao-caso-marielle-diz-delegado/ …",true,2018-05-31 11:57,0,0,https://twitter.com/BrazilVox/status/1002202420523520002
faketweetbr_train_21,83,1.0021928525904486e+18,macaco marielle,"Prisão de 'Thiago Macaco ' não está relacionado ao caso Marielle , diz delegado - http:// news.jornaltijucas.com.br/prisao-de-thia go-macaco-nao-esta-relacionado-ao-caso-marielle-diz-delegado/ …",true,2018-05-31 11:19,0,0,https://twitter.com/jornalfloripa/status/1002192852590448641
faketweetbr_train_22,88,1.0019284023901266e+18,macaco marielle,"Thiago Bruno Mendonça foi preso no shopping Nova América na tarde desta terça (30). Conhecido como Thiago Macaco , ele é acusado de envolvimento nas mortes da vereadora Marielle ... http://www. portaldolitoralpb.com.br/policia-prende -suspeito-de-envolvimento-no-caso-marielle/ …",fake,2018-05-30 17:48,0,0,https://twitter.com/LuizClaudiopb/status/1001928402390126592
faketweetbr_train_23,89,1.0019212030225816e+18,macaco marielle,"Preso suspeito pela Morte de Marielle Franco, mais conhecido como Thiago  Macaco "",já podem retirar o argumento de que Marielle morreu por ser negra pic.twitter.com/trkRVwWZjh""",fake,2018-05-30 17:20,1,7,https://twitter.com/BrasileirosFirs/status/1001921203022581760
faketweetbr_train_24,90,1.00192046093269e+18,macaco marielle,"Thiago macaco , suspeito de estar envolvido na execução de Marielle Franco, foi preso no shopping nova América.",fake,2018-05-30 17:17,0,0,https://twitter.com/Alfredo_Carlos1/status/1001920460932689922
faketweetbr_train_25,95,1.0019009983346033e+18,macaco marielle,"Dois meses depois... homem conhecido como Thiago Macaco (33) foi preso ontem no Rio. É suspeito de envolvimento no assassinato da vereadora Marielle /PSOL, mas foi preso pela morte de Carlos Alexandre Pereira, o Cabeça, colaborador do vereador Marcello Siciliano/(PHS).",fake,2018-05-30 15:59,3,3,https://twitter.com/BohnGass/status/1001900998334603265
faketweetbr_train_26,157,1.123600460869456e+18,dilma pablo escobar,"A foto, na verdade, não mostra @dilmabr e nem o traficante Pablo Escobar , e sim Miguel Ángel Zuvic e sua esposa, Ema. Zuvic é pai da política argentina @MarianaZuvic . Os outros 2 adultos na foto de fato são Néstor e Cristina Kirchner. Confira em: http:// bit.ly/2DHfdRd . pic.twitter.com/lszQYK89jb",true,2019-05-01 11:50,22,53,https://twitter.com/agencialupa/status/1123600460869455878
faketweetbr_train_27,164,1.1231903032325448e+18,dilma pablo escobar,"Montagem em foto antiga coloca casal Kirchner, Dilma e Pablo Escobar em falsa reunião - O Popular http:// bit.ly/2Wkiu0l",true,2019-04-30 8:40,3,5,https://twitter.com/CiroGomesNews/status/1123190303232544768
faketweetbr_train_28,168,1.1229688099613368e+18,dilma pablo escobar,"A imagem com mensagem falsa ainda diz que os ex-presidentes argentinos Néstor e Cristina Kirchner estariam na foto. Os políticos peronistas de fato estão na foto, mas Dilma e Pablo Escobar , não.",true,2019-04-29 18:00,0,1,https://twitter.com/GaudTorquato/status/1122968809961336834
faketweetbr_train_29,169,1.12296877206161e+18,dilma pablo escobar,Um boato antigo que alega que a ex-presidente Dilma Rousseff aparece em foto com Pablo Escobar voltou a circular no Facebook. Não é verdade que a petista tenha posado ao lado do famoso traficante colombiano.,true,2019-04-29 17:59,0,2,https://twitter.com/GaudTorquato/status/1122968772061609984
faketweetbr_train_30,215,1.0148914783327068e+18,dilma pablo escobar,Sério que tão compartilhando aquela foto outra vez??? Aquela que dizem ser da Dilma com o Pablo Escobar !!! Kd a porra do bloqueio pras Fake News e seus propagadores Facebook? Daqui uns dias essas mentiras vão causar a morte de alguém por engano.,true,2018-07-05 12:19,0,1,https://twitter.com/sennaricarte/status/1014891478332706816
faketweetbr_train_31,264,8.739339354027252e+17,dilma pablo escobar,"Nunca esqueço daquela foto da Dilma , Pablo Escobar e Kirchner",fake,2017-06-11 13:04,0,0,https://twitter.com/bichosrevolucao/status/873933935402725376
faketweetbr_train_32,333,7.271369569420001e+17,dilma pablo escobar,A Dilma sempre andou muito bem acompanhada.Acho que o Pablo Escobar aprendeu a ser mafioso com ela. pic.twitter.com/iMn74Td0FI,fake,2016-05-02 11:05,0,0,https://twitter.com/catoleeiro/status/727136956942000128
faketweetbr_train_33,739,1.1242667631836448e+18,bandejao bolsonaro,"No governo Bolsonaro . Almoço no Planalto, é no bandejão mesmo. Acabou a farra da era PT, de ter chefe com cardápio francês. Quem prepara as comidas são taifeiros militares, isso significa custo zero de mão de obra. As imagens, falam por si só. pic.twitter.com/W7vUhBu3Iv",fake,2019-05-03 7:57,0,0,https://twitter.com/ritaapleal1/status/1124266763183644672
faketweetbr_train_34,766,1.1236800649426164e+18,bandejao bolsonaro,"ALMOÇO NO PLANALTO agora é no bandejão mesmo, acabou a farra da era PT, de ter chefe com cardápio francês. Quem prepara as comidas são taifeiros militares, isso significa custo zero de mão de obra. As imagens falam por si só. VIVA O BRASIL SOB NOVA DIREÇÃO VIVA BOLSONARO pic.twitter.com/kCzBSie53c",fake,2019-05-01 17:06,37,114,https://twitter.com/Pekena136/status/1123680064942616576
faketweetbr_train_35,781,1.1233869521815348e+18,bandejao bolsonaro,"Chega de contratar chefs franceses para preparar o menu. Almoço no Planalto agora é no bandejão mesmo. Quem prepara as comidas são taifeiros militares, isso significa CUSTO ZERO de mão de obra. As imagens falam por si só, Presidente Bolsonaro dá exemplo. #MudaBrasil pic.twitter.com/jwHrLvtjyp",fake,2019-04-30 21:41,2,6,https://twitter.com/marcojudsson/status/1123386952181534721
faketweetbr_train_36,810,1.1230248147956244e+18,bandejao bolsonaro,No governo Bolsonaro almoço no Planalto é no bandejão mesmo ! Acabou a farra da era PT de ter cheff com cardápio francês https://www. facebook.com/Poetaminas/pos ts/2407845875913669 …,fake,2019-04-29 21:42,0,0,https://twitter.com/PoetaminasBH/status/1123024814795624449
faketweetbr_train_37,852,1.1220859964793568e+18,bandejao bolsonaro,"Salada, churrasco e batata frita: o almoço de Bolsonaro no bandejão do Planalto https:// glo.bo/2IJFN0q",true,2019-04-27 7:32,0,0,https://twitter.com/ArraisJi/status/1122085996479356928
faketweetbr_train_38,888,1.1218694675527598e+18,bandejao bolsonaro,Presidente Bolsonaro é flagrado comendo no bandejão do Palcário do Planalto https:// aconteceagora.com.br/presidente-bol sonaro-e-flagrado-comendo-no-bandejao-do-palcario-do-planalto/ … !!!!,true,2019-04-26 17:11,0,0,https://twitter.com/lnstagramdo/status/1121869467552759811
faketweetbr_train_39,915,1.1218129208396184e+18,bandejao bolsonaro,Bolsonaro almoça no ' bandejão ' do Palácio do Planalto com ministros e assessores | Política | G1 https:// g1.globo.com/politica/notic ia/2019/04/25/bolsonaro-almoca-no-bandejao-do-palacio-do-planalto.ghtml …,true,2019-04-26 13:26,0,1,https://twitter.com/Roncacci/status/1121812920839618560
faketweetbr_train_40,1741,1.1154492431483535e+18,travesti criança esperança,Repassem! Este esquerdopata que chamou Jesus Cristo de travesti e bicha é atração da #GloboLixo para o criança esperança . A #globolixo desafia a opiniao publica! pic.twitter.com/Dmu4HOtWkH,fake,2019-04-08 23:59,0,0,https://twitter.com/AcesseImoveis/status/1115449243148353536
faketweetbr_train_41,1742,1.0616169910548234e+18,travesti criança esperança,Enquanto isso o Criança Esperança desse ano terá uma participação especial do mesmo imbecil que chamou Nosso Senhor Jesus Cristo de travesti . A Gobo por si só está decretando o seu fim. https://www. facebook.com/1421585067/pos ts/10213943677652339/ …,fake,2018-11-11 10:49,0,0,https://twitter.com/lfrrodrigues/status/1061616991054823424
faketweetbr_train_42,1744,1.0613078808031068e+18,travesti criança esperança,se é assim então Johnny Hooker dizer que Jesus é travesti ...prova que ele é xenofobico....e o mesmo esteve na rede globo...fazendo parte das atrações do criança esperança . ...e ai como é que fica?,fake,2018-11-10 14:21,0,0,https://twitter.com/ThiagoDMT1/status/1061307880803106816
faketweetbr_train_43,1745,1.0611124173321504e+18,travesti criança esperança,"Rede Globo sendo Rede Globo. Olha que presença ilustre no criança esperança . Tomou em vão o nome do nosso Senhor, o chamou de travesti e ainda vai marcar presença em uma das campanhas mais milionários da tv brasileira em prol as crianças. Isso não está acontecem! pic.twitter.com/AWGJrsMpgU",fake,2018-11-10 1:24,1,0,https://twitter.com/NilzaMartins17/status/1061112417332150272
faketweetbr_train_44,1747,1.0608730816847176e+18,travesti criança esperança,"grande @lobaoeletrico !! Não tem nada a ver com seu twitter,mas preciso só te sugerir puxar a hastag #criançaesperançanão ou #criançaroubança !!! Aquela coisa q chamou Jesus de travesti vai ser atração do criança esperança !!! E os babacas doando!!!! Vamos boicotar!!!!",fake,2018-11-09 9:33,0,0,https://twitter.com/FlviaLima20/status/1060873081684717568
faketweetbr_train_45,1748,1.0608342201957007e+18,travesti criança esperança,CHAMOU JESUS DE TRAVESTI E SERÁ ATRAÇÃO NO CRIANÇA ESPERANÇA DO GLIBO LIXO! https://www. facebook.com/1350185211/pos ts/10212222655385478/ …,fake,2018-11-09 6:59,1,2,https://twitter.com/DeboraBergman3/status/1060834220195700736
faketweetbr_train_46,1749,1.0348300227402464e+18,travesti criança esperança,"Usar""Cristo ñ é certo em qualquer ocasião Legal mesmo é chamar Jesus de travesti , bicha igual o @que foi no Criança Esperança ? Obs.: Jesus deu chicotadas literais nos vendilhões do templo, ele ñ estava muito pacífico nesta ocasião. Dica: Sem perseguição, sem mártir/herói""",fake,2018-08-29 12:47,0,0,https://twitter.com/VanshesckY/status/1034830022740246528
faketweetbr_train_47,1764,1.032078736345256e+18,travesti criança esperança,"Isso se não desrespeitar a religião alheia e chamar Jesus de travesti . Depois, for no criança esperança pedir dinheiro....",fake,2018-08-21 22:35,0,0,https://twitter.com/GiancarloGuima/status/1032078736345255936
faketweetbr_train_48,1765,1.0320294430726348e+18,travesti criança esperança,"Após chamar Jesus de travesti , Johnny Hooker canta no Criança Esperança https:// noticias.gospelprime.com.br/johnny-hooker- crianca-esperanca-toda-forma-de-amor/ …",fake,2018-08-21 19:19,0,0,https://twitter.com/hamiltonsi/status/1032029443072634881
faketweetbr_train_49,1781,1.0313765533834732e+18,travesti criança esperança,"A tag Criança Esperança estava em primeiro lugar no Tt mas só haviam pessoas contra esta porcaria q estão fazendo, atriz e atores q apoiam o aborto pedindo dinheiro,cantor q chamou Jesus de travesti , q o Twitter derrubou a tag.",fake,2018-08-20 0:05,2,15,https://twitter.com/elisangelaqueli/status/1031376553383473153
faketweetbr_train_50,1783,1.0312743564193176e+18,travesti criança esperança,VC QUE SE DIZ CRISTÃO E ESTA PENSANDO EM DOAR DINHEIRO PARA ESSE LIXO DE EMISSORA LEMBRE-SE A CRIATURA QUE CHAMOU JESUS CRISTO DE TRAVESTI É UMA DAS ATRAÇÕES DO CRIANÇA ESPERANÇA .,fake,2018-08-19 17:19,0,0,https://twitter.com/AllanDo55600506/status/1031274356419317766
faketweetbr_train_51,1785,1.031019060505596e+18,travesti criança esperança,Globo lixo. Colocou Johnny Hooker no criança esperança aquele que chamou Jesus de travesti . #CriançaEsperança,fake,2018-08-19 0:24,1,2,https://twitter.com/Dianamocap/status/1031019060505595905
faketweetbr_train_52,1789,1.0310046343479092e+18,travesti criança esperança,Criança Esperança ou lacração esperança? Não suje seu nome com essa corja que chama Jesus de travesti !! #NaoDoeCriancaEsperanca,fake,2018-08-18 23:27,0,1,https://twitter.com/aturaaverdade1/status/1031004634347909120
faketweetbr_train_53,1792,1.0310013710871224e+18,travesti criança esperança,Nossa o cara fala que Jesus é travesti e gay sim. Onde ele está ? Na Globo no criança esperança,fake,2018-08-18 23:14,0,0,https://twitter.com/dimascantor/status/1031001371087122432
faketweetbr_train_54,1809,1.0266084509130874e+18,travesti criança esperança,Criança Esperança terá apresentação do transformista que igualou Jesus a travesti http://www. conservadorismodobrasil.com.br/2018/08/crianc a-esperanca-tera-apresentacao-do-transformista-que-igualou-jesus-a-travesti.html …,fake,2018-08-06 20:18,0,0,https://twitter.com/ExpressoDiario/status/1026608450913087489
faketweetbr_train_55,1814,1.0264410174683505e+18,travesti criança esperança,ATENÇÃO ! o idiota q chamou Jesus de bicha de travesti vai participar do Criança Esperança da Globo Diga NÃO a criança esperança NÃO DOE. Divulgue para todos os seus contatos abaixo detalhes ! COMPARTILHEM pic.twitter.com/NvAd4jVsEb,fake,2018-08-06 9:13,0,0,https://twitter.com/DamiaoDiana/status/1026441017468350464
faketweetbr_train_56,1818,1.0257868880561848e+18,travesti criança esperança,"Dinheiro que depois a Globo desconta do imposto de renda. Estão divulgando também que aquele desgraçado Johnny Hooker que chamou Jesus de bicha e travesti vai se apresentar no  Criança Esperança "" ou tão escondendo?""",fake,2018-08-04 13:53,0,0,https://twitter.com/senorseb/status/1025786888056184834
faketweetbr_train_57,1819,1.0253530527216968e+18,travesti criança esperança,"@Crian_Esperanca Cantor que afirmou que Jesus é travesti e “bicha” é denunciado no Ministério Público Federal https://www. jmnoticia.com.br/2018/07/31/can tor-que-afirmou-que-jesus-e-travesti-e-bicha-e-denunciado-no-ministerio-publico-federal/ … via @jmnoticia - Então é esse o artista que vai participar do Criança Esperança """"",fake,2018-08-03 9:09,1,1,https://twitter.com/AyresCunha/status/1025353052721696769
faketweetbr_train_58,2140,1.090009142566285e+18,venezuelano terrorista cubano brumadinho,A ABIN lançou nota negando que o desastre de Brumadinho foi um atentado terrorista feito por 1 cubano e 1 venezuelano . Povo besta,true,2019-01-28 19:10,0,1,https://twitter.com/ericksc/status/1090009142566285320
faketweetbr_train_59,2144,1.0899454376694129e+18,venezuelano terrorista cubano brumadinho,RECHACE A MENTIRA: SOBRE A FAKE NEW REFERENTE A BRUMADINHO Sobre a fake new distribuída pela extrema-direita nas redes sociais que atribui a um venezuelano e a um cubano imaginários uma explosão terrorista que teria gerado a tragédia na barragem de Brumadinho . pic.twitter.com/kyvPDxHosm,true,2019-01-28 14:56,15,36,https://twitter.com/CDCCorinthians/status/1089945437669412865
faketweetbr_train_60,2150,1.089580872209232e+18,venezuelano terrorista cubano brumadinho,"Vejam o que os minions andam espalhando pelo WhatsApp - detalhe: abstraiam os erros de português (os caras são burros, além de doidos). Segundo esse delírio, o rompimento da barragem de Brumadinho pode ter sido um ato terrorista - um cubano e um venezuelano estariam envolvidos:",true,2019-01-27 14:48,0,1,https://twitter.com/lpscomunica/status/1089580872209231872
faketweetbr_train_61,2151,1.0895774832409844e+18,venezuelano terrorista cubano brumadinho,"Minha prima, que adora uma fake news, me mostrou um textão no facebook falando que a tragédia em Brumadinho foi, na verdade, um atentado terrorista causado por um cubano e um venezuelano . Mentira.",true,2019-01-27 14:34,0,0,https://twitter.com/tata_mgomes/status/1089577483240984577
faketweetbr_train_62,1006,1.1123921954604768e+18,stf lula salvo conduto,"https://www. boatos.org/politica/stf-s alvo-conduto-lula-solto.html … NOTÍCIA DE SALVO CONDUTO DE LULA É FAKE. AJUDEM A DESMENTIR. ESTÃO USANDO O BOATO PRA INCITAR ÓDIO AO STF QUE VAI JUGAR HABEAS CORPUS DE LULA DIA 04 DE MARÇO, QUINTA-FEIRA pic.twitter.com/X0fCRRiJzk",true,2019-03-31 13:32,1,1,https://twitter.com/mlcescato/status/1112392195460476929
faketweetbr_train_63,1013,1.1120034328172832e+18,stf lula salvo conduto,"Que absurdo!!! A ministra Cármen Lúcia, do Supremo Tribunal Federal ( STF ), enviou ao advogado José Roberto Batochio o salvo-conduto do ex-presidente Lula . O documento autoriza o petista a viajar e transitar livremente. https:// politica.estadao.com.br/blogs/fausto-m acedo/salvo-conduto-de-luiz-inacio-lula-da-silva/ …",fake,2019-03-30 11:47,3,6,https://twitter.com/bbthcruz/status/1112003432817283074
faketweetbr_train_64,1014,1.111977628100186e+18,stf lula salvo conduto,Lula recebe o salvo conduto do STF . #STFVergonhaNacional Lugar de condenado é na cadeia. Repassem! pic.twitter.com/leozjWC8sw,fake,2019-03-30 10:05,2,2,https://twitter.com/lapoderosa1360/status/1111977628100186112
faketweetbr_train_65,1018,1.1117107257629368e+18,stf lula salvo conduto,"@STF _oficial , Salvo Conduto para Lula ? Seus ditadores esquerdiotas, vocês são a vergonha do Brasil e vão cair #STFVegonhaNacional",fake,2019-03-29 16:24,0,1,https://twitter.com/RenataLunardi1/status/1111710725762936833
faketweetbr_train_66,1020,1.111664554386305e+18,stf lula salvo conduto,"STF DA SALVO CONDUTO A LULA QUE DEVERÁ SER SOLTO PRÓXIMAS HORAS. @CarlosBolsonaro @jairbolsonaro @joicehasselmann e aí? Se já está difícil com ele só complicando da prisão, imaginem ele solto!!! Vão aceitar calados?",fake,2019-03-29 13:20,0,0,https://twitter.com/luizfmedeiros/status/1111664554386305025
faketweetbr_train_67,1028,1.1112676372947804e+18,stf lula salvo conduto,Bom dia. Parece que terá salvo conduto para Lula deixar a prisão política que se encontra. Via STF . https://www. instagram.com/p/Bvjf35Ng_L7/ ?utm_source=ig_twitter_share&igshid=1jk9cpjfuih4 …,fake,2019-03-28 11:03,0,1,https://twitter.com/acsa100/status/1111267637294780416
faketweetbr_train_68,1030,1.1058356987357592e+18,stf lula salvo conduto,"Hoje 11 homens que não receberam um só voto do povo, vão decidir se enterram o país... Lula , Cunha, Cabral, Vacari Neto e Zé Dirceu, podem receber hoje, das mãos do STF , alvarás/ salvo conduto de impunidade e detonar o governo Bolsonaro. #STFnaoMateALavaJato",fake,2019-03-13 11:19,0,2,https://twitter.com/CoelhoLoreto/status/1105835698735759360
faketweetbr_train_69,1317,1.1247726263485604e+18,mst brumadinho,"*Os vermes MST e petistas invadem Brumadinho para ROUBAR o quê é de direito das vítimas da tragédia da barragem !* Eles vêm de longe para ocupar as terras, temos que denunciar urgente. pic.twitter.com/gHKcQ81xb6",fake,2019-05-04 17:27,0,0,https://twitter.com/Plankl2/status/1124772626348560384
faketweetbr_train_70,1318,1.1246621677924924e+18,mst brumadinho,"Existe uma forte relação entre o MST , o MAB (Movimento dos Atingidos por Barragem) e a Igreja Católica. A presença do MST em Brumadinho é apenas para reforçar o apoio às famílias atingidas pelas barragens.",true,2019-05-04 10:08,0,0,https://twitter.com/andreteixeirabq/status/1124662167792492545
faketweetbr_train_71,1323,1.1244170827524916e+18,mst brumadinho,"Graças a Deus as coisas estão entrando nos trilhos!! O medo de se deparar com um agricultor armado é maior que a desejo de saquear. Parabéns presidente. Agora o MST está perseguindo as famílias das vítimas em Brumadinho , parasitas.",fake,2019-05-03 17:54,0,0,https://twitter.com/ThomasS14910052/status/1124417082752491521
faketweetbr_train_72,1324,1.1243934635107328e+18,mst brumadinho,A FALTA DE CARÁTER NÃO TEM LIMITES ** MST invade BRUMADINHO para..... Oque é de direito das vítimas da tragédia da barragem Eles vem de longe para reivindicar as terras como se… https://www. instagram.com/p/BxAwHBzB4cU/ ?utm_source=ig_twitter_share&igshid=qc4jav5u8jvn …,fake,2019-05-03 16:21,0,0,https://twitter.com/SimoneWitte2/status/1124393463510732800
faketweetbr_train_73,1327,1.1243089615141396e+18,mst brumadinho,Vagabundos do MST vem de tudo qusnto é lugar pra pegar as terras em Brumadinho da pra acreditar. https://www. facebook.com/1496544215/pos ts/10219602099151838/ …,fake,2019-05-03 10:45,0,0,https://twitter.com/EduBM1979/status/1124308961514139649
faketweetbr_train_74,1332,1.1242748949576335e+18,mst brumadinho,"Deputado repercute notícia falsa sobre o  MST ter invadido Brumadinho para tomar terras de atingidos pela barragem"", o que já foi desmentido: https:// twitter.com/Boatosorg/stat us/1123979369637134336?s=19 … https:// twitter.com/depheliolopes/ status/1124269458309242880 …""",true,2019-05-03 8:29,1,10,https://twitter.com/parlamentistas/status/1124274894957633536
faketweetbr_train_75,1334,1.1242694583092428e+18,mst brumadinho,A FALTA DE CARÁTER NÃO TEM LIMITES! ** MST invadem Brumadinho para ........??? O que é de direito das vítimas da tragédia da barragem! Eles vêm de longe para reivindicar as terras com se fossem vítimas do rompimento da barragem. #BolsonaroÉPresidente #DeputadoHelioLopes pic.twitter.com/GwvsPE7NW2,fake,2019-05-03 8:08,214,624,https://twitter.com/depheliolopes/status/1124269458309242880
faketweetbr_train_76,1339,1.124079897784279e+18,mst brumadinho,Os vagabundos do MST agora resolveram envadi brumadinho,fake,2019-05-02 19:35,0,1,https://twitter.com/Edimils11566299/status/1124079897784279046
faketweetbr_train_77,1341,1.1240573192628184e+18,mst brumadinho,Um dos sites anti-hoax desmentiu o boato de que o MST teria roubado vítimas do crime ambiental em Brumadinho . É muito mais fácil o MST ter AJUDADO as vítimas com doações de produtos agrícolas do que ter roubado. Quem roubou foi a Vale privatizada.,true,2019-05-02 18:05,0,0,https://twitter.com/KKKYBWVT3QrWfdl/status/1124057319262818305
faketweetbr_train_78,1347,1.1240247121773116e+18,mst brumadinho,"*Os vermes MST e petistas invadem Brumadinho para ROUBAR o quê é de direito das vítimas da tragédia da barragem !* Eles vêm de longe para ocupar as terras, temos que denunciar urgente. pic.twitter.com/uppqeqr3K5",fake,2019-05-02 15:55,0,0,https://twitter.com/JFDalvi1/status/1124024712177311750
faketweetbr_train_79,1354,1.1236822873867552e+18,mst brumadinho,AVISEM O PRESIDENTE SOBRE A INVASAO DO MST EM BRUMADINHO ....MANDEM AS FFAA PARA LA E TIREM OS VAGABUNDOS A BALA https:// twitter.com/BolsonaroSP/st atus/1123353186528636928 …,fake,2019-05-01 17:15,0,0,https://twitter.com/eugenioazambujo/status/1123682287386755072
faketweetbr_train_80,1359,1.123565968180109e+18,mst brumadinho,"Os vermes MST e petistas invadem Brumadinho para ROUBAR o quê é de direito das vítimas da tragédia da barragem. Eles vêm de longe para ocupar as terras, temos que denunciar urgente. @jairbolsonaro @xicograziano @manuelkobel @alexandregarcia @augustosnunes @BlogDoPim pic.twitter.com/ZZzh88OpSi",fake,2019-05-01 9:32,10,26,https://twitter.com/lairbiagini/status/1123565968180109312
faketweetbr_train_81,1367,1.1233427995318476e+18,mst brumadinho,"Mas faltou proteger Brumadinho , terra devastada e imóveis sem donos... Pois la vieram e se instalou o MST",fake,2019-04-30 18:46,0,9,https://twitter.com/zehcampestrini/status/1123342799531847680
faketweetbr_train_82,1370,1.1233321059063356e+18,mst brumadinho,"@jairbolsonaro Olha a PALHAÇADA, MST é PT, Estão tumultuado Brumadinho . Querem receber terras que serão distribuídos par as famílias das VITIMAS..POVO SEM RESPEITO. PRENDE TODO MUNDO É LEVA PRA PRISÃO RURAL, é verão que nunca pegaram numa enxada pic.twitter.com/sg7vr3pWAX",fake,2019-04-30 18:03,0,0,https://twitter.com/FlviaCunha20/status/1123332105906335745
faketweetbr_train_83,1371,1.1233227511110616e+18,mst brumadinho,E o MST que já está em Brumadinho pra fazer inferno e querer roubar oq e de direito dos moradores eu disse dos MORADORES. @pmmg190 @MPMG_Oficial @jairbolsonaro @policiafederal,fake,2019-04-30 17:26,0,0,https://twitter.com/Tontis07/status/1123322751111061510
faketweetbr_train_84,1376,1.1232603384750284e+18,mst brumadinho,REVOLTANTE! MST invade BRUMADINHO ! https:// youtu.be/XmsJt8i_VH0,fake,2019-04-30 13:18,0,2,https://twitter.com/IzabelliOlivei1/status/1123260338475028480
faketweetbr_train_85,1378,1.1232567864657756e+18,mst brumadinho,"Militontos do MST a base de cachaça e mortadela invadem Brumadinho , não para ajudar e sim para usurpar terras e benefícios que possam ser gerados devido a tragédia! pic.twitter.com/laLcExA5wU",fake,2019-04-30 13:04,8,10,https://twitter.com/SaidaaDireita/status/1123256786465775618
faketweetbr_train_86,1399,1.123011867109204e+18,mst brumadinho,"Os vagabundos dos MST estão lá em Brumadinho , tentando roubar a ajuda que eles recebem. Gentalha.",fake,2019-04-29 20:51,0,4,https://twitter.com/lovemypetsbr1/status/1123011867109203968
faketweetbr_train_87,1427,1.1228502267741388e+18,mst brumadinho,U R G E N T Í S S M O MST e petistas invadem Brumadinho para ROUBAR o quê é de direito das vítimas da tragédia da barragem. Eles vêm de longe para ocupar as terras. PRECISAMOS DENUNCIAR E DIVULGAR O MAIS RÁPIDO POSSÍVEL. pic.twitter.com/WlAeKYg9tx,fake,2019-04-29 10:08,1,2,https://twitter.com/cdanysm/status/1122850226774138883
faketweetbr_train_88,1441,1.1226856363250156e+18,mst brumadinho,"Nao basta o povo de Brumadinho ter sofrido com a catástrofe, agora sofrem a ameaça de invasão do MST e dos aproveitadores do PT pic.twitter.com/4CYTzfSDvP",fake,2019-04-28 23:14,1,3,https://twitter.com/ricardomandre/status/1122685636325015552
faketweetbr_train_89,1446,1.1226524754740428e+18,mst brumadinho,Não esqueça do MST que já está em brumadinho jurando de pé junto que vive lá a milhões de anos.,fake,2019-04-28 21:03,0,3,https://twitter.com/crisecv1/status/1122652475474042881
faketweetbr_train_90,1449,1.1226394817634508e+18,mst brumadinho,"O que você acha que o MST está fazendo em Brumadinho ? Ajudar em alguma coisa? Dar assistência médica e psicológica? Claro que não. Estão lá para roubar, dar golpe, mas não vão conseguir, já estão devidamente mapeados e se tentarem estabelecer uma comuna, chumbo vai comer",fake,2019-04-28 20:11,3,3,https://twitter.com/kane_sp/status/1122639481763450881
faketweetbr_train_91,1460,1.1225924078229832e+18,mst brumadinho,MST Só foi a brumadinho Porque A vele do rio dose despejou muita terra mais pra ajudar os inocente coberto por lama só israel #mst #interesseiro https:// twitter.com/tininhasouza19 1/status/1122588432688209920 …,fake,2019-04-28 17:04,0,0,https://twitter.com/SouzaRodiney/status/1122592407822983169
faketweetbr_train_92,1477,1.1225314412192113e+18,mst brumadinho,"Os vermes de Cuba, MST e petistas invadem Brumadinho para SAQUEAREM o quê é de direito das vítimas da tragédia da barragem! Eles vêm de longe para invadir as terras, temos que denunciar… https://www. instagram.com/p/BwzhtrcBeZ6/ ?utm_source=ig_twitter_share&igshid=1h1r4lv5nue3u …",fake,2019-04-28 13:02,0,0,https://twitter.com/OsvaldoAiresBad/status/1122531441219211264
faketweetbr_train_93,1485,1.1224925768236892e+18,mst brumadinho,"Manda a Força Nacional pra Brumadinho , que foi invadida pelo MST pra tumultuar a cidade e prejudicar o povo já sofrido da região!",fake,2019-04-28 10:27,2,11,https://twitter.com/MmipexRenata/status/1122492576823689216
faketweetbr_train_94,1497,1.1224682958049524e+18,mst brumadinho,"Fazendo aula de jornal? A esquerda está tonta, não sabem mais o que fazer: Os vermes MST e petistas invadem Brumadinho para ROUBAR o quê é de direito das vítimas da tragédia da barragem ! Eles vêm de longe para ocupar as terras, temos que denunciar urgente.",fake,2019-04-28 8:51,1,19,https://twitter.com/Marques27/status/1122468295804952577
faketweetbr_train_95,1531,1.1222501732357242e+18,mst brumadinho,"Os vermes do MST e petistas invadem Brumadinho MG, para ROUBAR o quê é de direito das vítimas da tragédia do rompimento da barragem! Eles saem de longe para ocupar as terras, das pessoas que ainda nem se recuperaram! Temos que denunciar urgente! Canalhas pic.twitter.com/7yHAmgLFO8",fake,2019-04-27 18:24,265,497,https://twitter.com/goulart_lenita/status/1122250173235724289
faketweetbr_train_96,1575,1.121024582201348e+18,mst brumadinho,MST realiza ato político em apoio as famílias de Brumadinho O Movimento dos Trabalhadores Rurais Sem Terra promove ato político cultural em solidariedade às famílias da tragédia crime da Vale em Br... http:// planetamg.com.br/mst-realiza-at o-politico-em-apoio-as-familias-de-brumadinho/ … pic.twitter.com/cFHSkAxOKh,true,2019-04-24 9:14,0,0,https://twitter.com/planetamgbr/status/1121024582201348096
faketweetbr_train_97,1578,1.114222971365802e+18,mst brumadinho,MST convoca ato nesta sexta-feira (5) contra os crimes da Vale em Brumadinho - Diário Causa Operária https://www. causaoperaria.org.br/mst-convoca-at o-nesta-sexta-feira-6-contra-os-crimes-da-vale-em-brumadinho/#.XKeUj15-TIg.twitter …,true,2019-04-05 14:47,2,2,https://twitter.com/linneydias/status/1114222971365801984
faketweetbr_train_98,1582,1.1141581035352146e+18,mst brumadinho,"MST CONVOCA ATO POLÍTICO EM APOIO AOS SEM TERRA ATINGIDOS PELA MINERAÇÃO Em Minas Gerais, famílias sem terra lutam contra os efeitos do crime da Vale em Brumadinho em ato nesta sexta-feira (05) Foto: MST Nesta ... http:// planetamg.com.br/mst-convoca-at o-politico-em-apoio-aos-sem-terra-atingidos-pela-mineracao/ … pic.twitter.com/jl7997yHKw",true,2019-04-05 10:29,1,1,https://twitter.com/planetamgbr/status/1114158103535214592
faketweetbr_train_99,1597,1.106542039955632e+18,mst brumadinho,"Por mortos de Brumadinho e Marielle, mulheres do MST bloqueiam trem em Sarzedo https://www. hojeemdia.com.br/horizontes/por -mortos-de-brumadinho-e-marielle-mulheres-do-mst-bloqueiam-trem-em-sarzedo-1.700858 …",true,2019-03-15 10:05,0,0,https://twitter.com/robertofarmacia/status/1106542039955632129
faketweetbr_train_100,1618,1.1062124441359236e+18,mst brumadinho,"400 mulheres sem terra denunciam o assassinato em massa com o rompimento da barragem de Brumadinho , neste dia que se completa 1 ano da morte de Marielle Franco. As mulheres do MST pararam o trem da Vale que transporta o minério de ferro extraído da região: https://www. sul21.com.br/areazero/2019/ 03/pm-reprime-com-bombas-e-balas-de-borracha-mulheres-que-bloquearam-trem-da-vale/ …",true,2019-03-14 12:16,38,77,https://twitter.com/depmarcon/status/1106212444135923717
faketweetbr_train_101,1619,1.1061907170666618e+18,mst brumadinho,"#FlorescerPorMarielle | Confira mais fotos da ação realizada pelas mulheres do MST e do MAM na ação de hoje em Minas Gerais, quando elas ocuparam os trilhos da Vale para denunciar o crime da empresa em Brumadinho e também o assassinato de Marielle Franco quanto #ValeAssassina pic.twitter.com/Fetv3Q46Vh",true,2019-03-14 10:49,8,8,https://twitter.com/frentebrasilpop/status/1106190717066661888
faketweetbr_train_102,1626,1.106157766819922e+18,mst brumadinho,"Ação do MST e do MAB bloqueou trem de minérios em Sarzedo, cidade vizinha à Brumadinho (MG), criticou modelo predatório de mineração e pediu justiça para Marielle. A Polícia Militar agiu com violência e feriu 10 pessoas. https://www. brasildefato.com.br/2019/03/14/mov imentos-ocupam-ferrovia-da-vale-por-justica-a-brumadinho-e-marielle-pm-reprime/ …",true,2019-03-14 8:38,22,35,https://twitter.com/Brasil_de_Fato/status/1106157766819921920
faketweetbr_train_103,1647,1.097526799255376e+18,mst brumadinho,"Em Minas Gerais, acampamentos do MST são afetados pelo rompimento da barragem de Brumadinho https:// soundcloud.com/redebrasilatua l/em-minas-gerais-acampamentos-do-mst-sao-afetados-pelo-rompimento-da-barragem-de-brumadinho-1?utm_source=soundcloud&utm_campaign=share&utm_medium=facebook …",true,2019-02-18 13:02,0,0,https://twitter.com/bortinho/status/1097526799255375878
faketweetbr_train_104,1945,1.1247527580101508e+18,gleisi senna,É falsa mensagem atribuída a Gleisi Hoffmann desmerecendo Ayrton Senna | Revista Fórum https://www. revistaforum.com.br/e-falsa-mensag em-atribuida-a-gleisi-hoffmann-desmerecendo-ayrton-senna/ …,true,2019-05-04 16:08,0,0,https://twitter.com/Jorginaguimarae/status/1124752758010150912
faketweetbr_train_105,1949,1.124741087623512e+18,gleisi senna,É #FAKE que Gleisi Hoffmann disse que não vê motivos para homenagens a Senna https:// g1.globo.com/fato-ou-fake/n oticia/2019/05/03/e-fake-que-gleisi-hoffmann-disse-que-nao-ve-motivos-para-homenagens-a-senna.ghtml … #fake,true,2019-05-04 15:22,0,0,https://twitter.com/allancmello/status/1124741087623512070
faketweetbr_train_106,1959,1.1246931627134076e+18,gleisi senna,Gleisi Hoffmann é alvo de fake news em relação às homenagens ao piloto Ayrton Senna https:// blogdacidadania.com.br/2019/05/gleisi -hoffmann-e-alvo-de-fake-news-em-relacao-as-homenagens-ao-piloto-ayrton-senna/ …,true,2019-05-04 12:12,0,0,https://twitter.com/gojammaj/status/1124693162713407494
faketweetbr_train_107,2000,1.1243637943717642e+18,gleisi senna,A safada @gleisi comparando Senna aí ladrão desgraçado é foda. pic.twitter.com/7bO0zdwSxM,fake,2019-05-03 14:23,0,0,https://twitter.com/biologo_ricardo/status/1124363794371764224
faketweetbr_train_108,2005,1.1240138987247288e+18,gleisi senna,"Nossa querida @gleisi disse que não vê motivos para homenagear Airton Senna , bora para uma enquete quem merece?",fake,2019-05-02 15:12,0,0,https://twitter.com/Everly78093984/status/1124013898724728832
faketweetbr_train_109,2386,1.1247531535582944e+18,pele morreu,"Não, o antigo jogador brasileiro de futebol Pelé não morreu . Ou glosando Mark Twain, as fake news"" sobre a morte de Pelé são manifestamente exageradas.... https:// poligrafo.sapo.pt/fact-check/men sagem-viral-no-whatsapp-pele-morreu-hoje-pela-manha-em-2019-aos-79-anos-de-idade …""",true,2019-05-04 16:10,1,1,https://twitter.com/JornalPoligrafo/status/1124753153558294528
faketweetbr_train_110,2475,1.1240241005471128e+18,pele morreu,Gente vcs viram q o Pelé morreu .... mt triste...,fake,2019-05-02 15:53,0,0,https://twitter.com/viteeeera/status/1124024100547112960
faketweetbr_train_111,3388,1.1232483107630408e+18,urca nudismo,"PT, PSOL e PCdoB transformaram Praia Vermelha ( Urca ) em praia de nudismo ? Saiba que esta notícia, além de ser FALSA, não faz sentido! Veja por que lendo este artigo de checagem de fatos: https://www. boatos.org/politica/pt-ps ol-pcdob-praia-vermelha-nudismo.html … pic.twitter.com/loSc1jAAbj",true,2019-04-30 12:30,0,0,https://twitter.com/Arq_MauTavaresS/status/1123248310763040771
faketweetbr_train_112,3389,1.1228103494330532e+18,urca nudismo,"PRAIA VERMELHA, vizinha ao Morro da Urca , virando praia de nudismo ...!!!* A intenção é afrontar os militares, que têm unidades nessa praia, esperando uma represália, para que haja um confronto e então chamar os militares de gorilas truculentos. Tudo orquestrado por PT, Psol PCdoB",fake,2019-04-29 7:30,7,17,https://twitter.com/DrJacobino/status/1122810349433053184
faketweetbr_train_113,3398,1.1076598969196788e+18,urca nudismo,Vergonhoso!!! Agora a Praia da Urca é praia de. Nudismo ??? Que ridículo!!*,fake,2019-03-18 12:07,0,0,https://twitter.com/SarinhaSaroca/status/1107659896919678981
faketweetbr_train_114,2,1.1295253770707844e+18,moro estudantes despreparados,"Será que, pra reforçar o discurso polêmico de Bolsonaro, Moro teria dito que manifestações seriam de meia dúzia de estudantes despreparados ""? Não se engane, pois a declaração é FALSA! Entenda por quê: https:// aosfatos.org/noticias/moro- nao-disse-que-manifestacoes-sao-de-meia-duzia-de-estudantes-despreparados/ … #EducaçãoÉCoisaSéria""",true,2019-05-17 20:13,0,0,https://twitter.com/Arq_MauTavaresS/status/1129525377070784518
faketweetbr_train_115,3,1.1295156888700724e+18,moro estudantes despreparados,NO AR. Moro não disse que manifestações são de ‘meia dúzia de estudantes despreparados ’. https:// aosfatos.org/noticias/moro- nao-disse-que-manifestacoes-sao-de-meia-duzia-de-estudantes-despreparados/ … pic.twitter.com/YGuXjAak3N,true,2019-05-17 19:35,25,76,https://twitter.com/aosfatos/status/1129515688870072321
faketweetbr_train_116,4,1.1294606476228484e+18,moro estudantes despreparados,Moro não disse que manifestações são de ‘meia dúzia de estudantes despreparados ’. Leia mais em: http:// bit.ly/2HzkiMI via Aos Fatos | Em busca da verdade na política. #fakenão #fakenews #FactCheck #CheckBR #SerMultimidia,true,2019-05-17 15:56,0,0,https://twitter.com/albertogpo/status/1129460647622848512
faketweetbr_train_117,5,1.1294094412065504e+18,moro estudantes despreparados,"Depois de Bolsonaro, Moro também ataca os estudantes . Diz que são “ despreparados “. Olha quem fala...",fake,2019-05-17 12:32,40,172,https://twitter.com/rfalcao13/status/1129409441206550528
faketweetbr_train_118,6,1.1293659272613478e+18,moro estudantes despreparados,"´´Meia dúzia de estudantes despreparados não vão atrapalhar o governo`` É o Moro mostrando sua verdadeira cara. Falso, mentiroso (...meia dúzia??!!), debochado, cegado pelo poder. Mostra que já se adaptou ao ´´estilo`` do patrão. E a que governo e refere? porque não vejo nenhum.",fake,2019-05-17 9:39,0,3,https://twitter.com/jcmigliari/status/1129365927261347843
faketweetbr_train_119,10,1.129063027469357e+18,moro estudantes despreparados,"O Xerife Moro diz que meia dúzia de estudantes despreparados estavam nas manifestações. Despreparado é você mareco de Curitiba que rodou 5 vezes na prova da OAB. Conta aí pra nós Conje""?""",fake,2019-05-16 13:36,0,1,https://twitter.com/Deitos_Geovani/status/1129063027469357056
faketweetbr_train_120,12,1.1289654260446454e+18,moro estudantes despreparados,"Meia dúzia de estudantes despreparados , não vão atrapalhar o governo"" -Sérgio Moro""",fake,2019-05-16 7:08,0,1,https://twitter.com/castrodedeia1/status/1128965426044645376
faketweetbr_train_121,26,1.128721606128427e+18,pinos cocaina ufes,"É MENTIRA que pinos para consumo de crack e cocaína tenham sido encontrados na UFES (trata-se material coletado durante uma ação realizada por uma ONG em um manguezal de Santos, SP): http:// bit.ly/2YyvpMS (via @CienciaNoBrasil )",true,2019-05-15 14:59,0,1,https://twitter.com/gabrielamra/status/1128721606128427010
faketweetbr_train_122,131,1.1297170462946016e+18,lei maria da penha damares,É #FAKE que Damares Alves defendeu revogação da Lei Maria da Penha https:// g1.globo.com/fato-ou-fake/n oticia/2019/05/17/e-fake-que-damares-alves-defendeu-revogacao-da-lei-maria-da-penha.ghtml … #fatooufake,true,2019-05-18 8:55,0,0,https://twitter.com/Engracadinha/status/1129717046294601731
faketweetbr_train_123,141,1.1293533592433376e+18,lei maria da penha damares,"Circula mensagem nas redes sociais dizendo que a ministra Damares Alves revogará a Lei Maria da Penha . O Ministério da Mulher, da Família e dos Direitos Humanos negou que a ministra pretenda acabar com a lei. e disse que Damares a considera uma das melhores do mundo"" pic.twitter.com/C3w26kshOy""",true,2019-05-17 8:49,0,0,https://twitter.com/br_inova/status/1129353359243337728
faketweetbr_train_124,144,1.12932568686968e+18,lei maria da penha damares,"Circula mensagem nas redes sociais dizendo que a ministra Damares Alves revogará a Lei Maria da Penha . O Ministério da Mulher, da Família e dos Direitos Humanos negou que a ministra pretenda acabar com a lei. e disse que Damares a considera uma das melhores do mundo"" #UOLCONFERE pic.twitter.com/zty1l9uzy8""",true,2019-05-17 7:00,14,61,https://twitter.com/UOLNoticias/status/1129325686869680128
faketweetbr_train_125,296,1.0015523367524024e+18,ponte rio niteroi rachadura,"kkk.. o pessoal problematizando a suposta  rachadura "" da ponte rio niteroi que na vdd eh uma folga existente justamente p que nao ocorra um acidente caso o concreto e o aço sofram algum tipo de expansão/dilatação""",true,2018-05-29 16:54,1,21,https://twitter.com/idkvasconcellos/status/1001552336752402433
faketweetbr_train_126,307,6.646044754038456e+17,ponte rio niteroi rachadura,GALERA >>>> Quem puder divulgar... a Ponte Rio Niterói apresenta uma tremenda rachadura ... alguém precisa tomar... http:// fb.me/4hhyscWrc,fake,2015-11-11 21:43,0,0,https://twitter.com/jocabeleireiro/status/664604475403845632
faketweetbr_train_127,310,6.1866457683021e+17,ponte rio niteroi rachadura,Rachadura na ponte rio niterói isso pode ser o início de uma grande tragédia. Passe isso adiante http:// fb.me/7uK9aAXSH,fake,2015-07-08 3:15,0,0,https://twitter.com/Gleisondropship/status/618664576830210048
faketweetbr_train_128,327,4.763792839762248e+17,ponte rio niteroi rachadura,"Gente ajude antes q aconteça um grande acidente!!! Uma grande rachadura na ponte rio niteroi , isso e a vontade... http:// fb.me/19RZI4Bto",fake,2014-06-10 12:04,0,0,https://twitter.com/Charlesblackout/status/476379283976224768
faketweetbr_train_129,331,4.5445751671463526e+17,ponte rio niteroi rachadura,A Ponte rio niterói tem uma rachadura sinistra,fake,2014-04-11 0:14,0,1,https://twitter.com/JackPellenz/status/454457516714635264
faketweetbr_train_130,339,4.5395449802602086e+17,ponte rio niteroi rachadura,Não é rachadura . É uma junta de dilatação da ponte rio niteroi,true,2014-04-09 14:56,0,0,https://twitter.com/nicsonolivier12/status/453954498026020864
faketweetbr_train_131,5,1.1127197702253812e+18,lula forbes," LULA FOI INDICADO PELA REVISTA FORBES COMO O MAIOR LADRÃO DO MUNDO"" @AndreiaSadi @depjorgesolla @BohnGass @CarlosZarattini @HenriqueFontana @senadorhumberto @gleisi @alefrotabrasil @kimpkat @ptbrasil @PTnoSenado @DepMarcoMaia @brasil247 @cartacapital @ManuelaDavila @VEJA @UOL pic.twitter.com/m9zoZYo9lI""",fake,2019-04-01 11:14,0,0,https://twitter.com/AontonioMarco/status/1112719770225381376
faketweetbr_train_132,41,1.1050111384027054e+18,aranto câncer,"#Câncer tem #CURA - planta ( #ARANTO ) Só morre de câncer quem não tem conhecimento. E nem conhece a planta ARANTO . Vejam isso meus irmãos.. vamos propagar esse vídeo para todos .. amém ?? Talvez você conheça alguém , ou... https://www. facebook.com/ronybar/posts/ 10155785416296205 …",fake,2019-03-11 4:42,0,0,https://twitter.com/RonyBar/status/1105011138402705408
faketweetbr_train_133,181,1.1163172692007116e+18,dilma beleza 73,#Verificamos : É falso que Dilma Rousseff gastou R$ 73 milhões em salão de beleza https:// br.yahoo.com/noticias/verif icamos-e-falso-que-dilma-rousseff-gastou-r-73-milhoes-em-salao-de-beleza-192425468.html …,true,2019-04-11 9:29,0,0,https://twitter.com/SolracGo/status/1116317269200711681
faketweetbr_train_134,183,1.1135207762406196e+18,israel helicopteros,#Verificamos : É falso que o Brasil comprou ou ganhou de Israel 15 helicópteros militares http:// bit.ly/2OHp51N Via Agência Lupa #fakenão #fakenews #FactCheck #CheckBR #SerMultimídia,true,2019-04-03 16:16,0,0,https://twitter.com/albertogpo/status/1113520776240619520
faketweetbr_train_135,199,1.1113050572601792e+18,marielle assassino pt,"#sbtbrasil Depois que foi descoberto que o assassino de Marielle era do PT , parece que finalmente ela morreu Ninguém fala mais.",fake,2019-03-28 13:32,0,0,https://twitter.com/ivam_pinheiro/status/1111305057260179456
faketweetbr_train_136,221,1.1105699542801612e+18,aranto câncer,"- Inês, mulher! Cê conhece essa planta aqui? - E aranto ou algo assim o nome, né? - Isso! Cura até câncer , menina! eu tô rindo, mas fico preocupada com essa velharada acreditando que uma planta cura o câncer .",true,2019-03-26 12:51,0,1,https://twitter.com/detoneys/status/1110569954280161280
faketweetbr_train_137,230,1.0178217442693324e+18,aranto câncer,"01 - Câncer tem CURA - planta ( ARANTO ) Só morre de câncer quem não tem conhecimento. E nem conhece a planta ARANTO . Vejam isso meus irmãos.. vamos propagar esse vídeo para todos .. amém ?? Talvez você conheça alguém, ou... https://www. facebook.com/abrocha1/posts /1687850284646027 …",fake,2018-07-13 14:23,0,0,https://twitter.com/tambatur/status/1017821744269332482
faketweetbr_train_138,269,1.1132015941857852e+18,israel helicopteros,"15 destes doados ao povo brasileiro, todos ficamos felizes, menos a esquerda nojenta. Aqueles que abençoam Israel tem a benção Eterno! Helicópteros AH-64 Apache Agora sim! https:// youtu.be/NsBU_xu_e_U via @YouTube",fake,2019-04-02 19:08,1,2,https://twitter.com/masoares44/status/1113201594185785351
faketweetbr_train_139,341,29311318769.0,dilma beleza 73,"73 ,07% das urnas apuradas: Dilma 53,16%, Serra 46,84%. Apertado, mas tá beleza . #Eleições",true,2010-10-31 18:18,0,0,https://twitter.com/airisacco/status/29311318769
faketweetbr_train_140,342,1.1066263924295968e+18,dilma beleza 73,73 milhões no salão de beleza e a Dilma não ficou bonita...,fake,2019-03-15 15:41,0,2,https://twitter.com/HelenaOliver181/status/1106626392429596672
faketweetbr_train_141,391,1.028889625513939e+18,aranto câncer,"@boninho pesquise sobre uma planta chamada Aveloz ou também Aranto , são plantas que trouxeram cura do câncer para pessoas em fase terminal inclusive. A Ana pode tomar paralelo ao tratamento..Abraço",fake,2018-08-13 3:22,0,1,https://twitter.com/Bonamente2010/status/1028889625513938944
faketweetbr_train_142,424,1.09510948559983e+18,lula forbes,A Forbes elegeu Dilma uma das mulheres mais poderosas do mundo e estampou a cara dela na capa. Não se iludam. Lula também já foi capa dessa revista.,true,2019-02-11 20:57,0,3,https://twitter.com/TatiSant_Anna/status/1095109485599830016
faketweetbr_train_143,433,1.0605877647381135e+18,lula forbes,"A conceituada revista Forbes trouxe à tona esse tema, reputando a Lula a posse de uma fortuna pessoal estimada em mais de R$ 2 bilhões de dólares.... https:// gazetapolitica.com/2018/01/28/rev ista-forbes-revela-fortuna-bilionaria-de-lula-um-dos-mais-ricos-do-mundo/ …",fake,2018-11-08 14:40,0,0,https://twitter.com/Canabarroz/status/1060587764738113536
faketweetbr_train_144,484,1.1078295015081082e+18,aranto câncer,ARANTO planta q cura câncer . Vejam este vídeo. https://www. facebook.com/10000046722373 8/posts/3089104594448418/ …,fake,2019-03-18 23:21,0,0,https://twitter.com/KlaudinhaKakau/status/1107829501508108289
faketweetbr_train_145,666,1.0653811141041644e+18,aranto câncer,Aprenda a fazer o suco de ARANTO da maneira correta para a CURA do câncer . Créditos ao Canal do Lula de Marcos Moura no YouTube https://www. facebook.com/laercio.santos demelo/posts/1998056680262432 …,fake,2018-11-21 20:07,0,0,https://twitter.com/laerciosantos18/status/1065381114104164352
faketweetbr_train_146,669,1.111058252182229e+18,marielle assassino pt,"Após o surgimento da suspeita de que o assassino de Marielle era do PT , parece que finalmente ela morreu. Ninguém fala mais.",fake,2019-03-27 21:11,0,1,https://twitter.com/narryvan/status/1111058252182228995
faketweetbr_train_147,678,7.78001193272537e+17,aranto câncer,"Aranto / Além de atuar no tratamento de câncer , ela é ótima para curar doenças da pele, lesões, feridas... http:// fb.me/4kwx48FZQ",fake,2016-09-19 19:41,0,0,https://twitter.com/COLOSSALCOLOSSA/status/778001193272537088
faketweetbr_train_148,690,1.1016620367805684e+18,aranto câncer,Aranto a planta usada para combater sérios problemas de saúde principalmente o câncer http:// gilmoreira.com/index.php/2019 /03/01/aranto-a-planta-usada-para-combater-serios-problemas-de-saude-principalmente-o-cancer/ …,fake,2019-03-01 22:54,0,0,https://twitter.com/gcruzmoreira/status/1101662036780568576
faketweetbr_train_149,696,9.490168403527884e+17,aranto câncer,"Aranto cura o câncer e muitas outras doenças, dizem as pesquisas! #TopbuzzBrasil http://www. topbuzz.com/article/i65048 43243702714890?impr_id=6507297237918304522&gid=6504843243702714890&user_id=6437966540242420746&app_id=1116&c=tw&language=pt …",fake,2018-01-04 17:37,0,0,https://twitter.com/Deniterencio/status/949016840352788480
faketweetbr_train_150,708,1.093135959443542e+18,aranto câncer,"Aranto indicado para o tratamento contra o câncer , o aranto também serve para curar doenças de pele, lesões, feridas, gangrenas e hemorragias. ... Devido ao seu efeito sedativo, diz-se ainda que o aranto ajuda a tratar problemas psicológicos, como por exemplo a esquizofrenia. pic.twitter.com/QNu0TTxu0V",fake,2019-02-06 10:14,0,1,https://twitter.com/amaro_gledson/status/1093135959443542016
faketweetbr_train_151,743,1.1060111175397376e+18,marielle assassino pt,Assassino da Marielle é apoiador do Lula e PT . pic.twitter.com/vJJasWeUwU,fake,2019-03-13 22:56,0,0,https://twitter.com/DanielZ06653228/status/1106011117539737606
faketweetbr_train_152,778,1.1058613976138136e+18,marielle assassino pt,BOA TARDE ! #BolsonaroTemRazão Olha aí a camisa do assassino da Marielle . Eleitor do PT e do Lula. Dizer mais o que.... https://www. facebook.com/antoniogoncalv eslages.lages/posts/2123281837787886 …,fake,2019-03-13 13:01,0,0,https://twitter.com/AntnioLa/status/1105861397613813761
faketweetbr_train_153,824,1.1133719921058488e+18,israel helicopteros,"Bradil ganha de presente de Israel 15, helicópteros AH-64 Apache, o mais avançado para combater o crime organizado. Assim vai surgindo um novo… https://www. instagram.com/luizamerico21/ p/Bvyc0zwBCPxiVp3BXMHosGcIJpdBMuL7dmSK000/?utm_source=ig_twitter_share&igshid=dcmin1kh6czv …",fake,2019-04-03 6:25,0,0,https://twitter.com/LuizAmericoBR/status/1113371992105848832
faketweetbr_train_154,826,1.1133807575343308e+18,israel helicopteros,"Brasil ganha de presente de Israel 15, helicópteros AH-64 Apache, o mais avançado para combater o crime organizado.. Fruto de um novo Brasil.. https://www. facebook.com/1650742130/pos ts/10211077661571366/ …",fake,2019-04-03 7:00,4,5,https://twitter.com/Real_Xandao/status/1113380757534330880
faketweetbr_train_155,828,1.1136700911812526e+18,israel helicopteros,"Brasil ganha de presente de Israel 15, helicópteros AH-64 Apache, o mais avançado para combater o crime organizado.. Vagabundo não tem vez !!!",fake,2019-04-04 2:10,0,1,https://twitter.com/sergiosouzabsb/status/1113670091181252608
faketweetbr_train_156,851,4.491905868187648e+17,dilma beleza 73,"CPI da Petrobrás e queda de popularidade da DILMA causam isso. Veja q beleza : PETR3+5, 73 %; PETR4+5,69%; BB+6,39%; ELET3+10,53% e ELET6+5,76%",true,2014-03-27 11:25,0,0,https://twitter.com/garimpodeacoes/status/449190586818764800
faketweetbr_train_157,866,9.57457626320818e+17,lula forbes,Caraca Acreditem . Forbes : Fortuna pessoal de Lula é estimada em 2 Bilhões de dólares!,fake,2018-01-28 0:37,0,0,https://twitter.com/fyatti1/status/957457626320818176
faketweetbr_train_158,872,1.06566707492676e+18,lula forbes,"Chame-o do que você é! Quem é o fascista??? Lula na forbes com um dos mais ricos do mundo, sua fortuna ultrapassa a sigla dos BILHÕES DE DÓLARES! https:// gazetapolitica.com/2018/01/28/rev ista-forbes-revela-fortuna-bilionaria-de-lula-um-dos-mais-ricos-do-mundo/?fbclid=IwAR3J-2cG0n1cdx_8tZQHPXHE2d_PbsrqLJf3MJDVRck5rRQqVBiOAbV6h-o …",fake,2018-11-22 15:03,0,0,https://twitter.com/ahocosta/status/1065667074926759937
faketweetbr_train_159,928,1.109875541195264e+18,lula forbes,"Coxinha merece estudo. Ele espalha que Lula e seus filhos são milionários, a gente pergunta onde ele viu isso e ele diz que foi capa da Forbes . Então a gente mostrou que a capa era falsa mas eles continuaram... https://www. facebook.com/miriam.moraes. 05/posts/2432270856783539 …",true,2019-03-24 14:52,4,4,https://twitter.com/MiriamMMorais20/status/1109875541195264000
faketweetbr_train_160,957,9.625198837696224e+17,lula forbes,"De acordo com a metodologia da FORBES , existem alguns bilionários que são políticos, Lula não é um dos... https:// fb.me/3yE8cTVAt",true,2018-02-10 23:53,0,0,https://twitter.com/siamarr/status/962519883769622529
faketweetbr_train_161,1012,1.1070610976207994e+18,marielle assassino pt,E agora PTralhas? O assassino de Marielle é membro da organização criminosa PT e ainda usa camisa com a foto do líder criminoso preso. #CHUPAPTralhas,fake,2019-03-16 20:28,0,0,https://twitter.com/GiovaniCamargo0/status/1107061097620799489
faketweetbr_train_162,1157,1.1083235453550428e+18,dilma beleza 73,"Enquanto isto um salão de beleza que @dilmabr frequentava recebeu a bagatela de 73 milhões de reais , esta mesma Coaf não divulgou nada",fake,2019-03-20 8:04,0,0,https://twitter.com/Edson_inovee/status/1108323545355042819
faketweetbr_train_163,1209,1.1092076143893996e+18,lula forbes,"Eu creio que o PT roubou mais em menos tempo , em 8 anos Lula fez o pé de meia bilionário (somando a fortuna da família passa de 4 bilhões , Revista Forbes )",fake,2019-03-22 18:37,0,0,https://twitter.com/Tom_brz/status/1109207614389399552
faketweetbr_train_164,1211,1.1033254282012796e+18,lula forbes,Eu gostaria de saber é como o Lula figura na revista Forbes com uma fortuna em torno de 2 bilhões de reais ? Será que foi herança da Marisa Letícia também ?,fake,2019-03-06 13:04,0,0,https://twitter.com/copjoao/status/1103325428201279491
faketweetbr_train_165,1234,1.0805260762904984e+18,aranto câncer,Existem dois chás que auxiliam na cura do câncer : Aranto e Graviola. Peça para ele tomar!,fake,2019-01-02 15:07,0,0,https://twitter.com/rhrabelo/status/1080526076290498560
faketweetbr_train_166,1279,1.1221340009974784e+18,aranto câncer,"Folhas de aranto são aliadas contra o câncer – Aranto planta que cura câncer . Originário da ilha de Madagascar, na África, o aranto foi trazido para a América pelos escravos que, já naquela época, sabiam dos seus benefícios. http:// videosnoyoutube.sharedalink.me/v2bmP",fake,2019-04-27 10:42,0,0,https://twitter.com/jancarle/status/1122134000997478401
faketweetbr_train_167,1289,9.574577376418734e+17,lula forbes,Forbes : Fortuna pessoal de Lula é estimada em 2 Bilhões de dólares! https:// fb.me/8mifnmIsI,fake,2018-01-28 0:38,0,0,https://twitter.com/fyatti1/status/957457737641873409
faketweetbr_train_168,1420,1.1131778158585076e+18,israel helicopteros,Governo israelense faz doação de 15 Helicópteros AH-64 para o Brasil durante visita de Bolsonaro à Israel . https://www. facebook.com/paulo.costa.52 03/videos/1853082438130949/ …,fake,2019-04-02 17:34,0,0,https://twitter.com/paulocncosta/status/1113177815858507776
faketweetbr_train_169,1485,1.107086961397977e+18,dilma beleza 73,"Herança petista: Salão de beleza recebeu R$ 73 milhões por serviços de tecnologia, gastança com dinheiro público envolvendo contratos milionários com o salão de beleza iniciou na era Dilma Rousseff.Todos os Direitos Reservados para República de Curitiba. http:// republicadecuritiba.net/2019/03/15/her anca-petista-salao-de-beleza-recebeu-r-73-milhoes-por-servicos-de-tecnologia/ …",fake,2019-03-16 22:11,3,6,https://twitter.com/Lope2Josue/status/1107086961397977089
faketweetbr_train_170,1708,1.1229349490642042e+18,israel helicopteros,"Israel doou 15 helicópteros AH-64 ! Ele retalha na hora a origem do tiro. A bandidagem agora vai virar picadinho de queijo suíço. Se cuide, bandido ! O extermínio está chegando. Se quiser viver vai ter que mudar de profissão. pic.twitter.com/oOPgEqC2qN",fake,2019-04-29 15:45,2,2,https://twitter.com/CleriaOliveir10/status/1122934949064204288
faketweetbr_train_171,1715,1.1182419179874468e+18,israel helicopteros,"Israel doou helicópteros AH-64 para o Brasil! Ele retalha na hora a origem do tiro. Só canhão de artilharia o derruba, mas é muito difícil devido a sua velocidade. Se cuide, bandido ! O exterminador, está chegando! pic.twitter.com/LgPVqSXi9p",fake,2019-04-16 16:57,7,16,https://twitter.com/MundongoOscar/status/1118241917987446786
faketweetbr_train_172,1917,1.106900715614679e+18,dilma beleza 73,Mano. Não sabia que o cabelo da @dilmabr era tão ruim que precisa de alta tecnologia no salão de beleza . Mas 73 milhões não é exagero? Claro que o @ptbrasil vai dizer que era necessário para manter a boa aparência do país. https:// twitter.com/republica_ctba /status/1106714033783222272 …,fake,2019-03-16 9:51,0,0,https://twitter.com/Marcos2rr/status/1106900715614679043
faketweetbr_train_173,2021,1.1132587074444902e+18,israel helicopteros,NOSSO PRESIDENTE TRABALHA COM AMOR POR NOSSO BRASIL Israel doou 15 helicópteros AH-64 Agora sim! Vamos ver quem vai ser macho de ficar fazendo palhaçada de fuzil e .50 na favela! Ganhamos 15 helicópteros AH-64 Apache. pic.twitter.com/GK9PSwld29,fake,2019-04-02 22:55,0,0,https://twitter.com/nutafnutaf2/status/1113258707444490240
faketweetbr_train_174,2144,1.116380706039632e+18,marina silva radares,"O PR @jairbolsonaro quer acabar com mais de 8.000 radares e vem um Senador(Fabiano Contarato), Esquerdista, da REDE, partido de Marina Silva , entrar com pedido na justiça para obrigar o governo a implantar os radares . Realmente a Esquerda soh quer ferrar o povo msm.",fake,2019-04-11 13:41,1,2,https://twitter.com/fernandopaiva5/status/1116380706039631872
faketweetbr_train_175,2294,9.083861871608012e+17,aranto câncer,PLANTA QUE CURA CANCER ARANTO COMO USAR http:// fb.me/1G4NnGlJG,fake,2017-09-14 14:45,0,0,https://twitter.com/jorgedepilares/status/908386187160801280
faketweetbr_train_176,2394,1.1191847804138208e+18,aranto câncer,"Planta de aranto cura câncer ? NÃO COMPARTILHE, pois além de a informação ser FALSA, pode levar algumas pessoas a óbito! Saiba mais: https://www. boatos.org/saude/planta-a ranto-cura-cancer.html … #SaúdeÉCoisaSéria pic.twitter.com/ZXSUGbBhEN",true,2019-04-19 7:23,0,0,https://twitter.com/Arq_MauTavaresS/status/1119184780413820934
faketweetbr_train_177,2443,1.116805452602458e+18,marina silva radares,"Presidente Bolsonaro, é triste vê-lo dar uma ordem e vir atrás uma desqualificada como Marina Silva e tentar derrubar o que você ordenou a respeito dos radares novos nas estradas. Vai ficar por isto mesmo? Ou vai calar a boca dela? Você e toda sua equipe são a nossa esperança.",fake,2019-04-12 17:49,0,0,https://twitter.com/junqueiralemos1/status/1116805452602458112
faketweetbr_train_178,2483,1.1164008126227904e+18,marina silva radares,Quero saber porque que o senhor presidente manda tirar os radares e vem a outra Marina Silva e manda colocar que país e esse que presidente não manda em nada que droga de pais ... alguém pode me responder . https:// twitter.com/jairbolsonaro/ status/1116157993127763968 …,fake,2019-04-11 15:01,0,0,https://twitter.com/Selma50637470/status/1116400812622790656
faketweetbr_train_179,2490,1.1069096721230602e+18,dilma beleza 73,"R$ 73 .000.000,00 entregues á um salão de beleza Dilma ? Responde aí!! https:// republicadecuritiba.net/2019/03/15/her anca-petista-salao-de-beleza-recebeu-r-73-milhoes-por-servicos-de-tecnologia/ …",fake,2019-03-16 10:26,0,1,https://twitter.com/elton_aranha/status/1106909672123060224
faketweetbr_train_180,2839,1.0631361806471496e+18,lula forbes,"Revista Forbes revela fortuna bilionária de Lula . Um dos mais ricos do mundo"". https:// gazetapolitica.com/2018/01/28/rev ista-forbes-revela-fortuna-bilionaria-de-lula-um-dos-mais-ricos-do-mundo/ … Min. Sérgio Moro nele!!! Vasculhe tudo e repatrie valores das contas no exterior !""",fake,2018-11-15 15:26,0,1,https://twitter.com/j_maete/status/1063136180647149569
faketweetbr_train_181,3083,1.0619643571422656e+18,lula forbes,Revista Forbes revela fortuna bilionária de Lula . “Um dos mais ricos do mundo”. :: Perfil Investimento https://www. perfilinvestimento.com/l/revista-forb es-revela-fortuna-bilionaria-de-lula-um-dos-mais-ricos-do-mundo/ … via @webnode,fake,2018-11-12 9:50,0,0,https://twitter.com/Vanjjo/status/1061964357142265857
faketweetbr_train_182,3112,1.1067604943780904e+18,dilma beleza 73,Salão de beleza recebeu R$ 73 milhões por serviços de tecnologia no governo Dilma .,fake,2019-03-16 0:33,0,0,https://twitter.com/Elisio741/status/1106760494378090496
faketweetbr_train_183,3409,1.0719777971812352e+18,lula forbes,"Vamos parar não cola isso mais , onde estavam vcs quando o Lula segundo a revista forbes de 2006 dizia ter uma fortuna de 2 bilhões. Como ele ficou tão rico ? Explica aí?",fake,2018-12-10 0:59,1,0,https://twitter.com/Nina43232626/status/1071977797181235200
faketweetbr_train_184,3433,9.5902398129784e+17,lula forbes,"Via @estadao : Forbes esclarece viral que colocava Lula entre bilionários do ano - http:// politica.estadao.com.br/noticias/geral ,forbes-esclarece-viral-que-colocava-lula-entre-bilionarios-do-ano,1067141 …",true,2018-02-01 8:21,0,0,https://twitter.com/r_braulio/status/959023981297840129
faketweetbr_train_185,3594,1.1192657926783424e+18,lula forbes,"espalhar fakenews é feio. procurei o link da Forbes dando esses bilhões pro Lula e não encontrei. por isso vocês acreditam em tantas mentiras, ficam propagando notícias falsas sem checar a fonte apenas porque a mentira lhes convém. covardes.",true,2019-04-19 12:45,2,8,https://twitter.com/detremura/status/1119265792678342658
faketweetbr_train_186,3706,1.113530747028222e+18,lula forbes,É #FAKE que Lula aparece na lista de mais ricos do mundo da revista Forbes . #FatoouFake http:// glo.bo/2uK0dNN pic.twitter.com/6B1qIFc9rB,true,2019-04-03 16:56,15,25,https://twitter.com/OGloboPolitica/status/1113530747028221958
faketweetbr_train_187,3723,1.1135308732765592e+18,israel helicopteros,É falso que Israel doou ao Brasil 15 helicópteros ; vídeo mostra aeronave turca - Aos Fatos http:// dlvr.it/R26Vcx,true,2019-04-03 16:57,0,0,https://twitter.com/CamilaAguiarBR/status/1113530873276559361
faketweetbr_train_188,3725,1.1142227697918034e+18,israel helicopteros,É falso que Israel doou ao Brasil 15 helicópteros ; vídeo mostra aeronave turca https:// aosfatos.org/noticias/e-fal so-que-israel-doou-ao-brasil-15-helicopteros-video-mostra-aeronave-turca/ … #factchecking via @aosfatos,true,2019-04-05 14:46,1,1,https://twitter.com/belaccioy/status/1114222769791803399
faketweetbr_train_189,106,1.0887967777367448e+18,mourao globo corte verbas,"G. Mourão corta 100% das verbas das mídias,Folha de S.Paulo,Estadão,GloboNews e O Globo podem decretar falência em alguns dias.A Globo tbm será drasticamente afetada com o corte ,perdendo cerca de 40% do orçamento total,claramente resultará na demissão de artistas e apresentadores.",fake,2019-01-25 10:52,0,2,https://twitter.com/Gian_Brasil10/status/1088796777736744960
faketweetbr_train_190,1101,1.0949513644201408e+18,jean adelio repasse,"Ei, se você não sabe, houve um repasse de dinheiro da conta de Jean Wyllys para a conta de Adélio Bispo de R$ 50.000,00. Jean Wyllys e Maria do Rosário são os mandantes do atentado.",fake,2019-02-11 10:28,1,4,https://twitter.com/BrancaFrade/status/1094951364420141056
faketweetbr_train_191,1159,1.119706815355392e+18,jair time personalidade,É fake que Jair Bolsonaro foi escolhido personalidade do ano pela Revista Time https:// cbn.globoradio.globo.com/media/audio/23 2764/e-fake-que-jair-bolsonaro-foi-escolhido-personalid.htm?fbclid=IwAR0jdt_Fq39Fl71-g4ZbwoWTmfYh6YFhLXQJ_tHGmi2tH2ahNFc7mTOTxv0 …,true,2019-04-20 17:58,48,71,https://twitter.com/TomeiAbuso/status/1119706815355392000
faketweetbr_train_192,1165,1.1196326698710464e+18,jair time personalidade,"Jair Bolsonaro não foi eleito Personalidade do Ano pela revista  Time "" https:// noticias.uol.com.br/confere/ultima s-noticias/2018/12/14/bolsonaro-nao-foi-eleito-personalidade-do-ano-pela-revista-time.htm?fbclid=IwAR0WzDRXhLXLXMKezrY9nW7vyGyfpS5QdHmM9hkXA62BnZdn5RFmLTtk1YQ …""",true,2019-04-20 13:03,0,0,https://twitter.com/DarthSitna/status/1119632669871046657
faketweetbr_train_193,1256,1.1192197353365626e+18,jair time personalidade,"Jair Bolsonaro não foi eleito Personalidade do Ano pela repeso.  Time "" @UOLNoticias @UOL https:// noticias.uol.com.br/confere/ultima s-noticias/2018/12/14/bolsonaro-nao-foi-eleito-personalidade-do-ano-pela-revista-time.htm …""",true,2019-04-19 9:42,0,0,https://twitter.com/joseorllando/status/1119219735336562688
faketweetbr_train_194,1345,1.118650345830396e+18,jair time personalidade,"Por “ruptura com a corrupção”, apenas um brasileiro aparece entre os ‘100 mais influentes’ da revista ‘ Time ’. QUEM É ESSA INFLUENTE PERSONALIDADE ? JAIR MESSIAS BOLSONARO. Tbm apareceram Trump e Netanyahu. https://www. jornaldacidadeonline.com.br/noticias/14195 /por-ruptura-com-a-corrupcao-um-brasileiro-aparece-entre-os-100-mais-influentes-da-revista-time …",fake,2019-04-17 20:00,0,0,https://twitter.com/kohavitt/status/1118650345830395904
faketweetbr_train_195,1405,1.090220620032426e+18,jair time personalidade,"Pessoal, a revista americana TIME incluiu Jair Bolsonaro para concorrer à PERSONALIDADE DO ANO. A PETRALHADA descobriu antes e ele tem apenas 3% de “YES” e 97% de “NO”! Vamos virar este jogo? É simples clique aqui e siga até ver Jair Bolsonaro. https:// discover.apester.com/media/5be40171 3cea78c501552c1a … PARTICIPE!",fake,2019-01-29 9:10,2,1,https://twitter.com/alcamorim/status/1090220620032425984
faketweetbr_train_196,1480,1.0735903218151752e+18,jair time personalidade,"QUE COMECE O MIMIMI DOS BOLSOBURROS. Jair Bolsonaro não foi eleito Personalidade do Ano pela revista  Time "" https:// noticias.uol.com.br/confere/ultima s-noticias/2018/12/14/bolsonaro-nao-foi-eleito-personalidade-do-ano-pela-revista-time.htm … via @UOLNoticias @UOL""",true,2018-12-14 11:47,0,1,https://twitter.com/jorgetemer/status/1073590321815175169
faketweetbr_train_197,2011,1.1250223325091964e+18,bicarbonato cura câncer,Circulam pelas redes sociais publicações que afirmam que o bicarbonato de sódio ajudaria na cura de câncer . Os conteúdos também dizem que o câncer é um fungo. Confira em: http:// bit.ly/2H07gIO . pic.twitter.com/xKNgOBPBAV,true,2019-05-05 10:00,9,36,https://twitter.com/agencialupa/status/1125022332509196293
faketweetbr_train_198,39,1.12e+18,banco brasil vetado bolsonaro,"Segundo assessoria do Banco do Brasil , diz O Globo, o comercial vetado por Bolsonaro custou R$ 17 milhões. MILHÕES !!! O filme Tropa de Elite custou R$ 11 milhões. Tem ou não tem de investigar? É ou não é uma... https://www. facebook.com/10000050725541 1/posts/2668710683155814/ …",fake,2019-05-02 4:54,0,0,https://twitter.com/msauchella/status/1123858207515000832
faketweetbr_train_199,55,1.12e+18,banco brasil vetado bolsonaro,"O comercial de 30 segundos do Banco do Brasil , vetado pelo presidente Bolsonaro , custou aos cofres da nação R$ 17 milhões.",fake,2019-04-29 12:19,0,0,https://twitter.com/vladimirchaves/status/1122883224651300864
faketweetbr_train_200,128,1.12e+18,banco brasil vetado bolsonaro,"Comercial do Banco do Brasil é vetado por Bolsonaro e diretor é exonerado, diz colunista. http:// bit.ly/2W8x370 pic.twitter.com/UXspdtzfXN",true,2019-04-25 22:30,12,64,https://twitter.com/opovoonline/status/1121587274620207104
faketweetbr_train_201,175,1.12e+18,prefeito rio nise silveira,"O Prefeito do Rio de Janeiro quer fechar o Instituto Nise da Silveira no dia 30 de abril! Para quem não conhece, é aquele retratado no filme  Nise "". Assinem o abaixo assinado e compartilhem: https://www. change.org/p/prefeitura-d o-rio-de-janeiro-contra-o-fim-das-atividades-do-hospital-municipal-nice-da-silveira …""",fake,2019-04-29 0:36,0,3,https://twitter.com/bethsahao/status/1122706290764066820
faketweetbr_train_202,0,1.12e+18,atacadão cestas básicas,#alertadfndr : criminosos estão usando indevidamente a marca Atacadão para espalhar golpe que promete cestas básicas grátis. Alerte seus amigos! pic.twitter.com/48EcugFXCk,true,2019-04-29 11:05,1,2,https://twitter.com/dfndr_br/status/1122864585957101570
faketweetbr_train_203,44,1.12e+18,decreto oab obrigatoriedade,"O decreto 9.745/2019, citado como fonte, apenas estabelece a “regulação profissional” entre as 37 áreas de competência do @MinEconomia , ou seja, não acaba com a obrigatoriedade do exame. Em nota, a OAB reiterou que a informação é falsa. Confira em: http:// bit.ly/2XGqzfW . pic.twitter.com/sLORfVRHHo",true,2019-04-25 14:22,9,23,https://twitter.com/agencialupa/status/1121464549490745356
faketweetbr_train_204,46,1.12e+18,decreto oab obrigatoriedade,Presidente Bolsonaro extinguiu obrigatoriedade de prova da OAB ou filiação para exercer a função. Excelente decreto .,fake,2019-04-24 13:31,0,1,https://twitter.com/Jos22439479/status/1121089185794985984
faketweetbr_train_205,47,1.12e+18,decreto oab obrigatoriedade,"É falsa a informação de que o governo editou um decreto que acaba com a obrigatoriedade da inscrição nos quadros da OAB para o exercício da advocacia, bem como a necessidade de realização do Exame de Ordem para tal registro. https://www. oab.org.br/noticia/57148/ e-falsa-a-noticia-sobre-decreto-que-acaba-com-necessidade-de-inscricao-na-oab-para-exercicio-da-advocacia?utm_source=4590&utm_medium=email&utm_campaign=OAB_Informa …",true,2019-04-24 11:41,0,0,https://twitter.com/LaercioAdv/status/1121061482677063680
faketweetbr_train_206,48,1.12e+18,decreto oab obrigatoriedade,"O DECRETO QUE ACABOU COM A OBRIGATORIEDADE DE ESTAR INSCRITO NOS CONSELHOS PROFISSIONAIS - OAB , CRM, CREA, CRP, CRF, ETC. DECRETO Nº 9.745, DE 8 DE ABRIL DE 2019 Art. 1º O Ministério da Economia, órgão da administração pública federal direta, tem como… https:// lnkd.in/ezV3uvZ",fake,2019-04-23 22:00,0,0,https://twitter.com/rbarbosarj/status/1120855077063929864
faketweetbr_train_207,691,4.21e+17,navio msc lixo,"Flagra: Navio da MSC (Mediterranean Shipping Cruises), que partiu da Itália rumo ao Brasil, descarta seu lixo no mar http:// bit.ly/19FaEED",fake,2014-01-09 12:03,0,0,https://twitter.com/deguchijr/status/421296141288742912
faketweetbr_train_208,706,4.2e+17,navio msc lixo,Coisa feia!!! Vídeo mostra navio MSC jogando lixo na Costa Brasileira #VexameMSC http://www. ilfattoquotidiano.it/2014/01/05/tv- in-brasile-litaliana-msc-crociere-getta-rifiuti-davanti-alle-nostre-coste/832103/ …,fake,2014-01-06 0:17,0,0,https://twitter.com/chrica2010/status/420031458104049664
faketweetbr_train_209,779,1.12e+18,gustave notre dame,"O pintor Gustave Freipont teria previsto o incêndio da Catedral de Notre-Dame de Paris em sua pintura de 1942? NÃO SE ENGANE, pois a imagem é de OUTRA CATEDRAL! Entenda: https://www. boatos.org/entretenimento /gustave-fraipoint-freipoint-premonicao-incendio.html … pic.twitter.com/5bnbWHjISr",true,2019-04-19 17:06,0,0,https://twitter.com/Arq_MauTavaresS/status/1119331410580520962
